Marijuana, Amephtamine
12.177676041676353,38.33797372007747
-11.456290029697154,-26.370541768790194
10.15261975663774,30.428882685685178
11.010183389161837,39.66849070576422
-1.260111619181722,3.067233042099332
-13.383942495718237,-30.30643494101237
4.494418214429077,16.11165310481657
-19.237542357987785,-41.960535685506095
-9.149642397747058,-15.022450605540083
5.929961071770659,26.90222425067004
3.439521598539537,12.663222615042066
-10.298005046276923,-19.85405412285585
2.2260691048009815,8.930679452714173
3.591361699761657,20.758254187390037
7.3836636170384295,21.639623658607125
-3.824924964172462,0.6334643143749705
3.9659535497711436,17.008904026816914
-8.92477452840756,-17.415274090549843
-4.337130849052603,-3.964307005657856
6.397822590745924,21.57607365902605
9.085031144987205,31.72363659958472
-1.121129432199007,7.219136138128428
7.824107300037365,27.60163152152017
16.9781383787482,45.64211431510828
-0.862481411787011,1.260882144570974
-2.321843573702277,1.5155790857157267
-13.903741791263982,-24.585142046889374
17.32025517595197,50.9579823448117
7.2436643561794165,25.740204658414434
6.547046427490956,23.772180397196408
-3.7397807588364707,2.3123654030192817
-1.502330375968386,2.9099850268486787
10.990954359750273,32.53463552598814
17.152202773131528,50.608442628613375
3.264894954402899,17.048675838710686
-13.317958212701939,-26.85625738206919
17.018277096022658,54.199184058103825
13.804268389107625,44.850547272019554
0.3393191067201342,3.7168618303623315
4.283464553640004,17.901524237390404
-1.7042741547548115,7.736633020683212
-8.589748505996207,-15.490508367150467
3.1120736177791404,10.447885249186973
9.477842291437465,26.985260676933695
-4.013317356290033,-3.0191839513917618
-0.04785640764225585,11.718865261345654
16.38274094735916,51.27911982013731
8.802424549275976,33.097583225535416
-0.46035764730286033,1.1395497237347887
13.032164640407668,40.63710169038974
-3.017371667657269,1.0028405318994302
11.002834067818775,39.63087856241579
-4.398989795402255,-8.15977078152327
-33.36835494545019,-74.16301088744649
11.771137059131066,34.52120810122392
0.628240690565995,4.52048866614349
-8.380941144217417,-14.676715801682477
20.362799504865382,56.00319224908371
1.4087293598721677,8.717198721077946
5.2970369827633945,23.49109678985627
10.699816146918018,31.655440920849312
8.60443002476824,29.44543761891157
1.371403929233492,11.002260368486091
-2.1535290349084297,0.09264787244889838
-2.086215618492197,-1.7728713885953205
7.2986960520631,23.05826673787954
9.400689270769089,33.37464244145599
-6.311340004867386,-7.89969078621072
-13.039985950029124,-21.97036853809435
11.673848128724416,33.4870885886696
9.033754585057917,24.852351440712795
9.447903064170596,26.785771836316645
-6.58104274388586,-8.258753455596771
9.382914684825836,33.40057961885926
-1.499054647562427,7.300091432251433
15.804734308615512,47.74257107064702
2.01595812667605,8.491886461126432
-15.040858530613505,-31.1626048892065
2.72044760614644,17.588359226089377
3.6867635077935255,13.783171224408765
-8.918910206321726,-17.903506819408136
5.917481242037697,25.32195577954748
14.50347185363991,47.926932897329735
-1.6817194137424512,2.9005423840485545
3.6504579106453514,16.002080037786456
1.4553166343848298,14.315459887856965
11.417244325050756,40.30965116912907
-9.307501808780454,-14.25498416991595
-8.372964603496916,-16.04375032149572
6.140790547996244,24.04096455397725
-14.110159351946365,-24.98712399182883
-7.717413476761532,-12.132510290920953
-2.0665702504447587,-0.5199054517920105
-22.033401685213946,-52.06287587407994
13.696406005348923,45.78312244983053
13.41348831679326,36.913254927881205
17.0522653994046,45.45619008277642
3.287548368657084,19.37710825083812
14.392862921207222,44.575461457202245
14.387200644832642,41.83629376946532
5.826937076449385,22.108976081437554
-0.7791258070503759,2.4181315259285254
0.36404147056922653,7.576499175512974
-0.2570254750109342,5.421239911741047
-2.547301538908843,-0.11738845124991926
-0.6121920037381203,5.984516974156266
19.382346799068223,56.49126521107868
7.3981169430033,28.02159704824943
18.810234536506282,51.59755837234678
-3.934610596408822,-7.364388559882114
0.22454412019411762,11.747637333637634
4.13983886075295,16.85051952050864
12.846171271132608,36.614895446064985
10.312452118823355,28.377865627858398
11.05227054941376,39.47904225766181
-3.622918074060957,-6.384792139788039
-16.183026547331973,-29.85686389543613
15.273266165810682,48.65977161932066
18.249098553598643,57.779844035376755
-10.073694892030145,-22.08370629434269
28.919788510002398,74.56035389320166
2.7865020988464964,16.335979582679514
-4.020179677859018,-2.4276357859342195
1.9122614028460572,6.964151633917561
7.520128003950155,29.280175383391747
-4.924408378940474,-9.317397156243807
-5.54077913912554,-6.745597069582789
20.138938787007795,58.629377621823444
23.374112770961865,63.96678956317257
0.5235811413287852,8.320994255863525
6.3477796478038115,22.32042629879244
5.132042055453543,16.104050495746247
-19.896846500851787,-45.37602176250619
-10.012205748641284,-16.471719442816003
14.583557502663211,46.216041770110124
-0.044226041256127946,2.5157924107385856
25.29393686788289,70.9731324285477
-18.186581475177157,-34.31507777095124
21.853680206009567,60.59938758928966
11.414549329005357,40.44809786643495
3.2520943913733817,16.146515998586
0.8731917521016266,9.202489833861023
-17.893857221480708,-37.45426368592715
9.337090856558866,34.78554347870229
19.543509230537556,53.84987152928332
9.347977952486126,29.293626962784607
-0.2819951518717936,7.548645635919954
9.2441317180593,31.022719714664284
20.403322220582595,61.226608943358634
-9.602091023772442,-13.375533319118217
7.015075160568714,22.622439297556788
21.982132399633414,64.32754672799042
8.363170911237415,24.565672700136407
-13.351102534982136,-21.43721990533553
-0.7204981645340398,5.448087682208082
-7.406961530537256,-14.887313665830922
16.66424215092349,45.451964803759466
4.715841924438987,21.38439547397993
-6.76396561780456,-11.143723682644639
-0.31477006479840686,6.588107618674808
-4.675824110499068,-7.712963143039393
4.592927987163886,20.970153673843527
4.08137739352469,16.042990149584963
5.021364329633314,15.943311981698427
1.0622614925094547,13.366841836220082
10.774106227168483,34.22663525047875
-8.786236200780122,-17.53604585617679
-3.5429247386861125,-6.4260577119557585
5.322603847630811,19.257813102829694
-0.4271195141000437,10.977655323462553
-7.306186653880205,-15.174646986063903
5.933403068377972,18.292410605716604
4.359217385550896,13.454218476794054
12.012171940864068,33.65797523818244
4.613531112358324,14.838912399846402
6.460143680423298,18.980551686614913
4.406519339509609,17.69689138383621
6.407079686585956,25.415829826090572
-1.5358191293416015,4.536439670061467
-2.3348236554220794,2.749727756372754
-0.7207450115794454,3.995883095703007
-1.9669034389847866,-1.2207800196963923
4.734707849873047,23.315724121544385
-2.0630292239388908,1.1439606800233193
16.56096510589272,44.25684441412491
12.994769156432971,42.6616457791568
8.41095437789684,25.404595945663836
0.7409769143034781,12.086659656310694
-10.150915267228577,-23.019383056646433
-18.061148282666643,-41.6304469379762
-1.8941722799431542,2.6165976879560793
8.338010863389007,25.38266686003065
-6.305943925235885,-12.625266119288385
6.795682679757934,28.807903568897817
-11.874824890727393,-18.59565561607691
-4.2860276761043705,-3.1169382386306204
-26.199918086683123,-56.49337397897474
8.461634115891837,26.998074780073473
-4.286606010621322,0.48965004005302326
25.46454484652457,67.7054381115122
16.953216328273832,51.890494865350355
-6.501764380711265,-8.678828850438617
-1.775220670846707,2.4904815576283585
-13.340589081597074,-21.529731705750834
-13.757404977879212,-29.47435517743608
17.411518120477922,51.535067925381185
20.631202014856452,56.99711580918414
1.0924574089502412,6.945847988062587
-0.3429758738127062,10.854474284340057
15.208088011563481,49.34965955048276
0.07171657529968423,4.784829268177389
0.179325503137596,9.563714550824233
11.849740423249871,32.61182550396846
4.506113229449196,21.89220308779155
1.6533242038544442,10.943105770972512
-6.23297607538262,-4.648246847874184
0.685230723733715,12.462368101417146
-2.884560971663616,4.433198124729839
22.39834793115736,64.16692329497
6.915444373643378,27.671896079756763
-5.346097086504633,-3.4590795227047373
-13.588254775852995,-30.592091562070053
9.39111666326081,30.34463691260457
10.429104840231826,35.76882173186577
-5.7724060891904045,-9.217938116272588
6.5412273888500065,25.28482265098105
2.4308969735366794,8.74837622528424
-2.563742965612839,-0.6041109784820184
-1.4164778212780371,3.9887222832434257
5.34227449803565,19.67868249455967
7.518325870259329,24.69657991315765
-6.554693352711013,-5.554388339080603
-0.07662774981643139,10.160502543935525
3.850131794800988,20.76813388825537
0.26731517829019236,5.451162606158363
-4.166582829569762,0.9703317463975605
-10.278639282056758,-21.16789695670355
6.260311815487531,24.158131361213478
0.8856044989244385,10.877763948240244
16.762290479684737,53.471118493222676
-7.64662157719728,-10.311927083005195
-7.802065690018551,-14.247762745478472
11.192338346841762,38.87161062676496
3.872284831496274,20.615248631210974
-0.4376539217947508,2.3861434968413047
9.372918373842813,30.144193045584956
-4.869428638241372,-1.4548086641305105
5.399509843194883,19.9569631652428
15.640030991436769,42.095962750834616
11.223609321683501,33.58692996337457
6.206366300952951,18.553444836376965
7.888665283529522,27.90268545249274
-4.1311367989627445,-3.4262050344663217
0.03440783555580129,5.966006240098936
-8.605438526678055,-13.086404857268533
3.0631757902412597,13.665630455159235
6.453147105184095,21.70728190319357
-0.018865247515598593,10.535081308244381
9.424373268189296,32.55029162740837
6.386444482025929,25.347369776307335
22.792156825203204,59.63586440638909
6.371874919525606,26.112385864269363
-26.36990369343478,-63.429668465325776
12.647548133995311,42.89735609118653
4.752584314088768,20.98796758612799
21.950850242707784,66.94065507466736
-2.8486030415901453,2.6085979597174767
-7.925754786743642,-16.447235228918537
6.56320355783039,22.583797275801036
18.67613355403938,54.0371395994456
-0.8821968818660846,2.553295918289845
-2.9508664373987514,-0.6408049511864373
-9.083810373218498,-11.64752645383457
12.830891886858808,40.42081527562514
-15.75637115372923,-36.003891370267056
5.4152709915603285,18.044961688208584
-3.7018023176637778,-6.957326230655715
6.773467715204044,22.35479370559127
4.04957296022147,18.199831469106485
-8.718996181963014,-15.981276270444468
-4.699303940583164,-1.0917249265698405
-5.571817119264999,-6.548768516395631
-2.6358796694663376,-1.8529821579455774
23.485896324634115,65.8402922697135
8.564167319091702,23.721473851212334
-14.795869857332146,-27.859570224609485
-4.433396884409554,-5.010466503835912
5.760102534864213,20.911980803670726
-8.330680277630949,-15.120202488812751
16.320008094251143,49.07983434056178
-6.4099769048193505,-11.703121963110348
8.571856165071273,25.46049416622229
13.107416707043097,40.121690946902625
12.04995430003382,36.09518575165619
0.6753071371879846,9.18341602480428
-18.09888962596631,-33.336129946676536
13.439753454381584,40.409412499756584
23.757976645333347,62.90347988080936
14.66002566565967,41.90101013235199
-18.71824528228491,-42.40961694089364
6.615810809809868,27.170525468234345
-6.627810666819228,-12.077023528407928
-0.3681488839953202,6.168918752430665
5.298582562178819,17.924468903784266
-1.1363490285953288,1.7132091852057951
-0.18705314600759282,10.260961492578703
2.74304039202728,15.435853311174878
-9.901743650852861,-13.511494231863333
14.540966133238413,42.893193467407336
22.42741840830112,60.86100487773239
-2.0879841417646565,4.72219438737651
-14.024106155586903,-28.044476106884808
-4.108059344971627,-0.2006840650452819
14.301609807989994,45.08434389347656
20.288183768087105,60.13994233015141
-5.604131978567931,-10.825250521776692
8.690551614374062,31.01089887072387
-3.317186599814816,1.9271300969012852
-2.31214513987372,5.930911317664805
17.789103826569953,52.94356067105477
7.2619143082292705,23.85831287767537
1.397063106597773,9.388958044528696
0.5035613781768653,4.313848285685339
3.2154399735902794,13.295067989852022
-3.6116956205603605,-4.071135610187971
-4.993486123723546,-6.660156911437419
2.3109482194891964,8.364182466330211
9.147503911989087,31.754672570591328
-7.892857829497945,-11.202721129230195
6.457012730663321,20.9660152175235
9.248156005576538,34.24514094449017
16.127845780735107,50.29955579066363
7.484498057424547,24.638911622908434
-0.07509805154002525,10.65269382574738
4.210785170773423,18.19212456282456
12.68629523528566,43.67472026181622
-10.382163148859153,-16.335778258004893
-6.049845310345482,-3.3730910080159173
15.873807755420819,42.505488404350345
10.357716083056077,37.012965747515395
-17.270159966948512,-37.296266304848785
-5.711045659689088,-6.773780983533437
5.261577836580291,18.74533329613932
19.738036950751166,60.76400116323521
-9.673206424167585,-18.062290902868803
-2.4136260265130165,4.14946258249718
0.045427947592428186,4.018755683348232
-14.83330417191858,-29.900196938473403
-1.325109032287079,6.363577342364435
1.632767652750234,10.053782394466925
1.828234918587386,14.297220721776053
-5.684574234744952,-8.878218844736292
2.2250634905516335,15.921198540378255
-4.894809038668357,-7.903385928568254
-15.21866453083027,-34.68308152537428
8.30626903425097,30.036790271470828
1.2987979840148656,13.985920524848362
2.8620029248596572,11.714434542433846
0.5016719365173627,6.4190633319236685
-0.32891204633374294,6.228242564608613
-6.157391462201009,-6.631479178350622
-3.092737930129535,-1.8995480665838178
2.5735121608060045,12.89509427407677
0.279230967794903,8.599236469382097
7.378191987165905,28.758166948058477
8.401489516850061,29.349717588655093
4.06403651864186,18.81704431076985
3.6488212417857064,20.922942126531833
4.614106193278615,16.058861630973986
-0.6819765287898805,1.3798914397185051
-6.155605837950398,-12.938002058220405
7.935997260930581,29.407445536899907
12.341950771692085,39.45902913158813
21.377028299751665,58.16192135739252
-21.016182155909714,-46.70554939792224
11.056134734409955,37.22350101932308
-1.1191286028836753,5.864125914290742
-3.651697844540684,0.45268094753800003
3.1127088075495113,17.33592133143959
10.254037096482856,28.193040656658262
13.641072015446284,38.310150817464525
-2.6159880535982376,5.042106435874338
12.192598924366397,39.036064482007845
17.57341891372044,50.42805577322557
19.281937697284455,51.70971957603436
20.7003832252414,62.595031406931966
11.240758291126829,36.25354823250863
-8.993004163086212,-13.819589430915416
21.31756099161553,56.862273217997064
9.765614642122687,34.609203824901286
1.161255707352579,13.17788437414997
-8.247188644838559,-17.798909407759233
11.032425677932558,33.53752934227533
-4.826985280126814,-1.2653371070362684
9.587675665243365,35.34186922126808
21.046550408702306,55.031101115407736
5.331265590072388,25.050436588343924
-7.256722604397945,-7.505826117726956
11.83018832684355,40.9929683553754
-0.294761570048486,2.361712727845025
9.384817169461002,33.01388198013945
17.039300372579255,44.78431695803027
0.4118894552192809,6.436483187257155
26.238125339592223,76.90470587934512
-0.6308925544140265,3.822001463237186
12.970000979670935,42.44504574318042
9.360443051339985,27.679182775254827
13.621753718889169,36.808016659309786
-9.052204917949648,-19.277730266895603
2.9315930792379166,16.81327868730607
0.4115066085677621,6.48330648326589
0.5599327405022825,10.354484219818485
-9.44719905600682,-13.629741653537671
-7.047997136800387,-9.899683028905121
-2.455929786627558,1.3450384456546054
4.601262952527168,19.083869206160067
8.805912689169086,30.824490289942638
0.12872544153096532,10.505665134309973
1.547001992126919,7.690654069033259
-3.124346402984834,3.5169871603510128
8.61183431794785,31.751002055141633
-9.251257978739538,-15.577766161133452
9.140190509776605,33.74565031683024
4.557626463846715,22.67490526050009
-12.46882706719165,-25.10497507730647
5.279028214868326,18.44174601344186
3.714737530808879,14.015803794958167
6.383460888337641,20.503438351657355
-5.7673460224370015,-8.129684382797866
11.098984704124033,32.223054464703594
8.761469662261213,32.72673619545551
2.9207615656544625,11.608891159247474
-0.04895501171492844,4.9889967127045685
-16.736896311890476,-38.72101928117215
21.58264932696401,64.57320887786683
22.850901177445504,66.59598092595887
0.8353573624472865,13.523783095267813
17.86869365968986,53.552431841928744
0.09530418381388284,10.757501068018405
7.1804099573215945,28.147770842344652
8.532132521295516,31.288315980093515
7.4235619434652085,28.086461498302153
-9.776376141019535,-17.59513168813496
-0.44143602681419525,8.712546417333138
4.89252686321689,21.370767359516677
0.931339439046607,8.560845109605786
-1.744058650812681,2.0247662267600033
-12.650924120032716,-20.740092408582555
6.381363230090356,25.93743629114764
21.984481791558096,60.15552952589873
-4.095373187252579,-6.385134878480673
4.825142326210837,17.997071411960626
2.795246222250233,16.119984360827345
-3.524404016325506,-4.669423809627396
-3.687424279345585,-1.2019281538307656
-4.840728980878674,-9.75404538712024
-0.8640964790009646,7.246361116853546
-13.776699257833691,-31.820697567192347
4.953932027355322,22.45267719979678
6.430214957590202,21.996515966988888
-0.8655819864373613,7.983395890704602
6.401632634911193,23.894632182150062
9.74699145827832,31.551319786992465
2.1108069555020403,11.88530450435977
-15.68666707039338,-30.886808264169847
8.652682446141222,30.982230810867335
-0.2694049863390733,2.9201687144875335
-13.22816369466808,-26.74059240011611
6.573155341940118,20.102002811162
-0.4861352841890225,4.833896464271142
0.6483097464204604,12.506383646956474
20.445084701392542,54.976427432010745
3.890205643070943,16.584301726942424
8.213415591163344,25.340539529296255
9.552100593391739,28.999307136972284
16.461387154589126,45.338552892723904
-3.573879091504825,1.8170566158619437
4.5320056545280565,13.79053026591655
-8.374038293416886,-10.037257070499283
17.513445561547503,50.447775594271555
-8.494981949721614,-17.653971406176517
20.38904032782941,55.092424290237204
1.8500583714387986,11.855758188475612
3.1271727455640184,11.958394734181196
0.8156904827686673,12.22049408521786
0.937537482403028,11.799514856871578
0.6898556197758432,12.429605238046609
8.755676937836887,27.54380424732769
14.472528843311744,40.95167134551245
1.719264243569687,10.12162176500906
3.718658045039959,15.99131590225876
-1.5865526873584193,0.8938414699671928
14.706280673547893,42.547134463504875
-3.971874186172612,-5.778328288152135
7.285748718365046,30.227779206159553
-6.633363996935815,-10.554084269137967
-2.561214940016672,2.453140096324229
19.28853965990856,52.82342403542764
7.984017368930511,25.898292757160643
11.911081994575818,33.04014707434186
11.563462867762329,35.97788238509918
-4.723149171800804,-7.31386501666911
6.2114308617238505,26.35170927055086
11.192520577342625,36.686475372750465
-0.7980294422441729,6.081429144105024
5.970104644408131,19.07656767336727
12.713281567574256,40.81700792513519
14.73485941265965,40.237890479916985
15.662916861315246,48.5098261939479
-2.5377795206169464,-0.08562231825145616
5.435980192831792,17.48188493261291
19.32118965028671,55.127315547784555
6.488333133749056,26.527846439942643
18.454890895470953,53.6540417000079
13.407911420674857,45.046560761397316
-21.025708942672196,-45.96991189824204
8.171221776114606,32.422595204745775
-10.39357243064339,-19.628847988277514
6.673152768242051,26.50273077594688
9.004602718929448,27.373721927382817
13.70016672553794,44.0520697961706
7.628032619848365,26.378248780232227
12.958000217145232,37.71171054487321
23.289990969835475,66.32805415394606
3.107037566618428,15.084695506978695
-8.01377437385652,-9.635069648820249
4.858229461337839,22.259222511760377
4.994623381656103,22.638036582829617
-5.701108181257558,-3.0366888035577144
1.297828925550901,12.769527333003657
-4.920150416121984,-4.74246659730574
25.040845634498638,73.89839198705778
7.435796300503577,28.203971857628435
7.45109574653454,29.753261794669168
-4.904300654691373,-5.624569350056358
11.723196080251505,35.89902500915593
-2.438268375753937,-3.455655397627628
6.854236489058255,28.492554473337567
-2.002951786054778,-0.6646084449409004
-0.07775183725503965,7.603660068595289
-2.0779071704533187,5.680305221198528
3.9201731508964603,20.823560892678156
12.144326085796276,38.75624729437494
-8.564224988637424,-14.811578543059145
4.160365325210232,15.3282548450175
-3.63826155540454,2.783229209549429
3.8157652911886375,15.827166410304038
8.726492390012057,28.54784449927362
13.829379455352154,37.107732869047304
7.320932387315141,28.330031387123178
13.258490629380512,44.90016582974158
5.653540995506134,23.441099439313476
0.7477316962163751,5.337866481963796
0.14225478211881626,8.128754807103784
2.664942218638469,14.07112822856177
2.2331385579217304,12.267680414146103
2.5636975629063854,11.640170030928187
-3.3674744993883063,-6.1014719140686955
-7.648498943351999,-10.187446231587714
-12.573975883328073,-27.785060758868557
10.072094599356717,34.607030176629934
-12.21247365645973,-23.41588391136247
4.054508294426638,18.924452668152885
8.399422342390118,29.53418376221457
-2.200918734568755,2.3922048048905413
-11.994975139924483,-26.482536605190585
10.317291656530076,35.43157866669329
4.256666030029215,18.986587878999167
-3.93570904283738,-4.731649798601343
2.788545449381527,16.815784387196175
1.3989956093340432,9.37322949147491
-9.289477189373486,-15.939947412215819
13.237507850655003,39.291790858815126
-19.875549590463176,-40.61203413308374
-0.6149031560944471,0.950180269816147
-14.006210811572341,-28.1818251367882
-6.135079237993143,-7.3037249715894825
-7.036481177416949,-13.72103125821273
17.85505693791964,47.06170914172722
0.26144154213015636,4.0490619964437435
-9.97657491384318,-19.855185895729377
25.16476304094005,65.94604127978063
-8.639858188293973,-16.52401181780765
-8.86937341202164,-14.568345013775206
11.096527154217316,34.943719405274585
3.8092284622408132,15.733968223737747
5.064422234555167,19.478487953674637
11.329288769095626,36.95472979556071
1.0748549961086007,13.10883049358312
7.837334962469885,23.42975528832384
-9.489255184312022,-17.02309324385594
-3.5906170426942854,-3.558148954279342
19.366010862967237,58.923639570880326
-4.083064013247765,-3.7209412929541203
8.167915464161476,27.09115364862784
10.190778688932227,36.16582170168176
14.700417480898238,40.97322228616972
-1.9784103315317836,0.2657453340091447
-3.4751649937521973,-0.89728386583832
4.517504455723351,16.36494518543316
6.65787927983866,27.850317090382745
1.522999426123635,11.376436848115352
1.9415774963362413,9.628038331355198
1.1851800378793382,12.8268899464543
-22.59195480736814,-48.82322388999033
5.58680036078634,23.355974363735186
20.28960340669348,55.278223203062815
3.343231977239657,12.99478000623169
8.032761004050002,27.584184092856628
-11.000896799578156,-22.21600426921397
0.5802592862904778,10.732555580211972
9.941955801714155,36.28899851671428
16.78997227360233,47.89039399345308
-10.41288583261057,-15.555518264818655
-3.3614242887504266,1.9748838412382632
10.98711612094666,38.35674940100742
-0.06874363162128194,2.290329094785249
5.5674395664333645,20.906927852744083
14.043057259515352,44.895543068120986
-19.97905836558182,-41.09678530189071
8.337682972912733,32.98342164079835
17.564366987650374,46.183432112296025
4.094201175637811,15.80314041719841
3.301074511877851,15.683820240187647
-4.87620649482,-5.851371407239712
1.628624536033941,15.168266164082628
-2.3405905818497947,-2.272554943919555
9.891617686456504,28.092664590004436
11.749136943252346,32.64946952721829
3.3579567531401375,20.399733041929274
26.045140581770532,73.05821700206911
12.682222188438752,38.699411404928505
-15.988172213082898,-36.02113284726077
0.8649358454823797,8.221140176355577
9.284825595764588,33.12829789334116
2.6403523518296983,15.54829004199458
-6.962113533560327,-6.157838859739028
-1.865309835797536,0.37939753661870323
3.7356358448128506,18.907542789924317
14.876455109333211,44.485605768968824
-15.383652553261236,-34.547379985880056
-2.5231320074155166,1.4136344853983402
11.181522319342891,32.527696595154445
20.485946833066862,61.32077862699833
8.178608031975156,27.01044154533301
-9.390197938349903,-15.32931119137429
0.6304249615411495,9.7608806817857
5.101857042045973,21.836072301357476
2.0755937170496166,12.210504317505954
-14.351722776418065,-31.25913712607492
6.574384947065218,25.91422575662095
11.925759620494286,35.907648797718615
-17.60600209829715,-38.91650602496183
2.593149170616008,16.919078964012243
2.6932988335046715,9.728523970338312
-0.5836855073713911,5.621309413171004
-5.837930632499946,-8.85339843554156
-11.197105587613505,-24.032304217196245
-4.787788850961198,-7.475711067244488
-0.41072136397007775,2.2702368773996295
2.2630766198174226,17.151469255439565
9.390635184817974,34.39811568998983
0.002572475197670787,11.083904073780577
9.711268178507645,34.28651586033425
-1.7515981081161902,-0.5836365300307915
7.649656891853279,30.01525502528286
8.68722289407998,25.040162442712333
12.330215241067872,34.491802499931346
-2.3428702737587805,4.868823723354447
5.152170578649972,15.51449135048122
-17.8103567907615,-41.27289503816646
-10.00351201459698,-18.59690904438403
-1.5064502008609084,3.553413159792668
9.283342325930414,27.37259047053443
25.202833524627327,65.4118185847714
0.8970371660342913,5.314784167562226
-3.698697251304556,-2.8586167563514646
12.605400865712387,38.23917637871931
-0.6997723073732409,3.032681855126336
-11.925397385225727,-22.560379483216455
14.54981566877494,43.9513799290355
0.9587620364826819,4.791987270962943
-5.1785059626711,-8.585472626719083
0.2297779594500895,5.813068345804721
13.867589590390834,39.696761701042725
-13.125253365739148,-28.109499884070846
0.8531793983812266,9.551982359900245
-1.0789641666002128,5.620570004045913
-3.7225126882837802,-5.115459026640959
-13.707590484106863,-23.867659953518697
4.193873912650405,14.690174629133788
16.468694782400007,52.50993551296981
6.07074171647324,20.496671847811484
14.792749524639323,43.991768769807365
5.586143704576486,26.01583568883789
2.5033339379765063,10.563072784241117
3.414497460688212,10.742062429413522
-6.107764335871378,-9.198253399726669
-10.957218876235283,-22.83663746166241
10.225904906146468,35.45536236342963
1.4406549227230896,12.334949441764213
8.153098996302658,24.412682510072038
-7.311522851651018,-12.673896384382697
9.342929709203004,27.36524338491768
3.0020142796554947,9.920376187144209
-10.158976847426178,-18.703807535343294
-10.891002998956976,-17.53470447129897
-12.37406178114982,-23.314118446352396
6.5971482491334745,26.572655197396642
18.113425946251837,56.46603123765595
9.3659545461588,33.788281151476184
-16.471061336049754,-36.97886573481062
16.151483178048093,44.55592667545085
-3.0074082510857805,-4.299743019752431
-1.1829669471590805,2.905375062807022
3.165511634144772,19.56276816570817
13.887436322046034,40.328017868399904
-14.437978700926088,-27.773662963955587
16.771724830004153,44.99551132137395
12.542460871287298,41.72523389108503
17.226947582013782,46.102789366653276
-4.93425524797391,-3.86400479302365
10.939971465598916,33.674283194349094
-9.25941312448704,-18.78502602665856
4.635150786389996,23.00996127378668
6.325203514570621,19.17275812040359
-2.1889639811155375,-0.7737374944666051
2.3587058316513163,17.692797160558165
-4.234601163788781,-5.991245002491391
2.10459073823245,16.636021481988447
6.5206525440914795,27.090235371263816
6.934867519551597,28.616201637467
-6.149487233383626,-11.211775563108649
13.596214261703167,43.95692314166956
4.535430542292653,18.587270388826
2.0221726129868887,16.976024763487914
4.649754383190263,18.74138400895618
-3.739320485276169,0.550424861494311
1.143955303463123,7.570690687893231
-1.1769303506649482,1.5202378680029662
2.6585697510181987,18.20452822905495
7.9589607248212255,30.431895529271607
9.65907602627483,31.732585780033958
6.924548030276069,27.37376929860092
18.6536961884807,56.12203422439201
1.8338554441913018,7.021947474146598
-0.1279531218487726,9.94338793874544
8.9748114166885,33.69078978530965
-24.674172476669096,-58.689670211782925
14.78719798479721,44.88992156724401
-5.965177490416918,-12.492391542274984
-3.9150788270420023,-6.602452667949832
-10.117818051367285,-20.558360748406194
9.47963503502871,31.955454627002247
11.166659028199483,34.27963866105368
7.054689103676228,22.493961656311235
7.933527646529932,27.75113656868332
11.097679345005211,38.98374088063521
19.64489334762543,54.57228326056669
-0.35720548636779537,7.443931938586058
-3.006116127234062,-4.681482513848235
7.048883959889002,26.068949404656053
10.24509449155318,31.367747605863528
15.988754186488585,43.88731641387331
9.425338600009285,32.41593724715878
-4.388813281858662,-1.5987347851597793
6.0997212113236685,22.75556430669816
-6.946388492105045,-14.851048822620168
5.387829568867,21.886905268790287
-4.585974512974383,-9.172142024192553
17.482850255346598,46.847478788590465
-7.620920165707645,-15.102742191134249
-0.3213974130781754,3.817687711652468
9.182247474519247,25.774821266470614
10.37997275764928,37.93629888632799
-6.018346803533706,-10.70396196626248
-3.3448027357245342,-5.984789146604749
-2.7175776938176535,2.6970663445241314
16.004841762386977,45.98268583310228
1.509680717777496,7.57005275826209
4.393436815979284,14.66981060011909
11.140620467047851,33.3798987513889
15.203244215732646,40.492827969498784
-11.071225389854478,-19.2810948613088
-0.6589063719816557,5.184302481794023
-8.502298361474459,-15.098860838809637
-9.95372377663218,-12.905497635434632
18.1515951591476,51.34614813205834
12.435322738721496,42.257390636108035
-4.26403741260511,-0.3099478618933187
-14.4962882586305,-25.913590487588312
-11.662576866762421,-19.41830402703691
4.843127364221576,22.26723354134368
26.717171148356858,69.56749748168797
23.75196925138771,62.547693786958156
1.0724234063010707,12.406914803970729
11.120055520879056,31.36677396723176
7.231063892253244,21.68478334191413
-12.494934268841345,-25.25688238011602
0.9408566843709849,9.375609111872652
4.499061160518273,15.04286673799255
2.627530621800492,9.239150428478423
14.011967864541516,38.642919632832765
-0.9860362986636395,4.298701890620694
7.188435500879585,27.30645379850857
-8.681896430039096,-14.002293275018221
2.5608651916826153,8.930502316432166
8.484832358893428,27.40985283286708
5.18501497587914,23.61947189677832
-3.9207582697896655,-7.110041048953462
-6.907669690215606,-11.237483387668942
3.248275556765721,10.60547605097864
7.594929667799401,28.558460489554086
22.267377960316093,62.18476031521702
-17.722352744024985,-33.512070811835
-2.009863667013482,0.45404732885102295
13.8054294143915,41.21576470605159
-2.2917307821646666,2.5288364742558516
11.284306570170788,35.420009962904984
-6.6913819541789294,-10.734060797898259
-2.5528915484915693,-2.4722374770675124
10.51897065687065,32.60259053203106
-8.685343122427195,-10.72618966374473
2.4267818619738173,12.899245505036713
-9.878119722937873,-13.23975782926788
2.3588709439212168,10.861413752904316
12.225378220700124,36.373930864087924
-17.999811870304622,-35.36950837208082
20.76195566552999,59.74986562768088
-2.4916836089573593,3.8603697222056033
12.387227904526597,37.91265698459681
12.889717931997472,42.37513782902942
15.333665830099951,44.3673301510011
4.037917430012808,19.1607663080527
-8.863734165870452,-15.292132146233913
1.834506942988256,9.58022213086525
-1.1729159591211733,5.3316008335806355
4.313824876119152,20.37515827916241
5.667369333786288,26.107869612270882
4.399145178041312,18.95268901531694
-5.879293839577652,-10.212017786436434
4.336792154823016,14.468100040202808
-6.702590456444735,-5.983043885514851
8.553045972924185,28.50090580377833
5.211484098626947,18.033399461573826
2.3258116189196283,12.645988951717264
-0.6813019466037735,0.9797765378582606
-0.609270582436539,6.826046617188567
-1.0812542346118654,5.738007188155359
4.105507518211831,15.650867799254264
14.965435574915752,41.00102355085109
-0.06895114705323202,7.2142424283443995
14.273179832454499,40.53214906502453
-13.618858224452858,-24.55149843951289
18.58538775380842,54.82003278346238
8.401766395130718,31.2595551168855
-1.1065569887573368,9.323972394865294
11.02363706112365,37.38519499960105
12.529441924341846,43.06249928694957
4.711177610637192,20.64613856700177
5.398479464768293,17.096806978334318
1.4120570564800843,8.03493895855262
-6.971959210146721,-14.088519955544964
9.988616704736609,34.70590031623087
2.4874490323119836,12.628796276139502
8.969296979481028,34.02131030299866
-19.55605605105857,-42.36926859474406
9.665415450665842,29.27317519148113
-7.323607747959267,-8.124993406448102
3.197235843868069,12.902336528372352
-11.113591641188476,-19.928383969199125
-0.2911437178645544,11.074794770734522
19.176406843659148,53.205793943996895
3.3149458510021526,12.80470946404484
-4.908199571161163,-6.504090320561671
-8.191535625955629,-9.631916375340849
-22.641471376903272,-49.95025864445017
2.119036974518955,13.970269438386335
13.62970763167473,40.34271073772536
17.295890784863072,49.90259614034407
9.619259076468277,31.914473217018063
-8.428893904873883,-15.435128283137697
15.232002640303666,41.9077207572798
3.855992480243002,20.37598245081923
0.7100334705617719,10.215729769180054
-16.660609500726828,-30.942307808149693
-4.914614587000046,-4.2430368565723
7.256071453066427,22.814591222988856
4.748654723057257,21.430095649202272
-5.818095936207108,-5.570557515428181
25.48817610675075,70.78369169058698
2.611766409619527,13.533511466148354
-12.394612740626686,-22.474432026570422
16.663178915943554,47.5379436975237
3.0623365031904806,16.10896953572422
-1.0992457951068495,2.429409314113066
-1.6302357624880353,4.011411078833966
-11.996339912675857,-27.180899539673653
4.782600387551679,15.31317840206226
2.6491146159108987,12.33442210185285
-0.6819491507804161,4.3969905098878135
-1.336855182275893,1.833574071244215
-4.0506016259217414,-0.00022526914754017469
-9.216646601108556,-13.607193157120127
0.9516528273539446,11.881502315001235
3.1963741077053767,16.933906333581064
10.70226335404135,35.53410602271274
13.025057014592802,36.88869480161148
-1.485109538790379,8.124096014908378
17.61108307797815,50.67824415834069
23.097958454477357,64.45304087177557
14.681322613681218,46.2718087669874
6.298678883718815,27.25932557828184
-10.263502927174036,-17.185879661141364
-12.372837297854563,-26.65144269006745
8.405011699154839,27.159944967089505
17.639976235279413,53.51027065004445
6.88763684482223,23.870659165555754
-4.939454835703454,-0.3524048183782309
-0.385789395061515,10.78974957844642
-9.757264400332783,-19.754727172970895
2.1371320324739855,11.894548146277373
11.133867898242817,36.57215709357774
-0.09433978281663347,6.462251544056837
5.974079180189204,23.272133408862068
5.827970321363415,23.981923332540532
-0.706305339759242,2.273208408347477
17.22834874323064,49.10030869710749
-20.72099521742943,-43.96230891986362
-8.335539707505104,-10.102387312590235
-9.751892235844373,-13.321267144059602
-0.5344665719350026,4.148247875220166
-0.806460871330017,5.074220394703511
-0.46558574144073894,8.52500854750608
9.762345365830472,28.633487018815348
7.522010560140803,27.271361872711914
19.308829626674285,57.11450214134111
-3.1783098649110126,0.03454717813779418
15.187613073157666,42.5196768267097
-6.4560021007312915,-4.580623225663851
0.3225548808704355,5.546051130477856
-3.714460446035422,-6.395989595595308
17.866811781182335,46.96353341434959
20.669092166596457,57.64619622436248
15.497735079971285,50.2432556161963
-6.78744583120694,-12.477412913577933
-2.261291932347177,2.706694641387813
-5.516692413552651,-2.9619515277347404
-0.022786849463273917,5.9206188639433845
-3.1787638976164825,-0.9583281680941402
-1.5807111393901057,2.15618033657934
-4.196195301133024,-2.6866387903408118
6.757231543630393,26.956523431866223
9.096225596072356,32.002692929217915
0.17608167034826572,7.949808641958209
-6.597869653206207,-9.489905281239402
-22.06648914979096,-48.804792149833496
13.656666384774242,40.71372307781172
3.267288834837892,10.395025975889329
3.1446966157653975,14.62331296435674
-2.6763588964008633,-0.17599190861453007
3.3073771336132904,13.101875426980794
1.5675137926822202,11.432241873657349
11.465342886122912,35.09641643424692
2.688129820158246,18.382177114967583
-0.41928001999392084,8.875935154934078
2.6366214973004967,12.627628689328326
-8.251720657932498,-16.62481255195413
-0.3382420726139679,9.283002613777047
1.3386446524460638,6.729352128954846
4.738871082771222,23.73977416734178
15.413917569968154,46.30484750005883
24.22214153977831,71.54891140377187
15.779805134507887,50.328558425804005
6.0452043615816375,24.307219725340193
11.039621621911072,35.192496182736605
-6.736243907181176,-9.911186773767263
2.365594448515445,16.677531977507044
-4.8015424144517285,-0.002919993293506451
-8.592185953716239,-14.673474974225712
-9.665478699417411,-18.343454501107427
-13.939592640866444,-31.867482639671064
7.288232396227254,27.934039110919805
6.511131920743315,19.585941539768942
-9.137910242575188,-19.763623298168312
6.499984543536837,22.672067655751512
-0.15876547107149097,4.396282656166639
4.788814661869125,15.247219026228906
6.14467560813942,25.553015320037808
10.421948888556368,36.25624922081603
24.604039519027047,64.90960632493488
11.086306419615743,33.32541660255041
-13.013468739170555,-27.925182401590753
0.141621708390804,6.862915079778155
3.095931672457396,12.800999250462688
9.988630931404714,29.834110544780724
3.6891137519478425,19.757203778899004
6.594506100755789,22.102317559301746
24.647593872969473,70.31735467619687
-3.4444575414870497,-4.250335508992831
